Division Times,Death Times
20.572937379326042,183.4367243022428
19.396820199704674,50.688983774638096
17.52393372070205,98.68679944353214
18.20100733102703,72.08793655662697
29.532428029455836,660.8695036831538
29.543538081314438,108.46921811839705
35.985541927149,144.26214889641852
65.183644990827,100.89544929778458
24.360343563292503,65.08844337195416
32.77350844495702,56.94446050484745
-7.423829896656624,91.77094011170297
22.66583576996718,82.13201816501447
30.28533142052196,56.37592541399856
3.719199745641953,119.39985475613358
65.80949028266342,86.02761990376109
71.5340951163707,102.11679436422074
21.7879578176617,42.271556820329536
61.79240973276883,124.97029311334953
53.237200993739634,37.531953241529955
36.24450963317548,353.1551822643141
25.692697594747276,94.74653162624776
53.820727902373804,66.41514639758262
15.694485458211295,129.40073427656066
68.61305953346394,258.7401538066865
42.83085707309827,47.06149106506148
40.90475507044247,125.1671211950893
59.677049361690365,167.55058735154861
68.28990783312176,94.6682949300841
25.157485338746397,41.00989198655246
60.17266919482928,65.72619260639043
22.016907009575263,141.63091281766472
15.960956988465611,84.9843678027419
37.8610493546567,279.2472863640762
10.085967612256699,111.3542003070369
32.901420998723694,54.84671333030599
60.22080190206178,118.95212070500256
35.76379533421989,127.2461178646519
77.26367504651665,89.19274720083288
71.2043356257851,98.30797600073456
24.933142329017336,138.37798232281165
29.52213463203959,182.93973082800744
26.098661375505756,41.61689735861631
44.37418056284271,83.50576772012148
70.43664012561034,38.721174387627286
25.562430196511002,97.28268693093563
64.18371182071236,60.78076477688223
16.703302219671485,193.64858114152509
77.16527178708796,155.24604838580154
57.501865154198356,151.29534606190188
-4.50772621989255,85.63147251408893
40.041907991381805,257.8145052182436
28.72498183526897,79.39647528227609
72.63559519910707,81.97478770491105
98.07282766995132,151.23249918599288
3.7333871733580377,112.18591399811254
13.119010853092838,161.79314503153432
33.70672975856696,29.094141648636704
26.035359980517143,158.017389712848
3.366791685549984,141.53437656443197
52.38150516956567,37.08687039824998
24.54211438328931,47.285613204935544
31.691471681010313,56.810602953435556
115.08457346508818,245.38901359663078
52.09036891095219,90.70190633394648
28.17360907268501,185.7304409394499
24.652811311231154,74.12744857343645
93.57564931314819,74.13100244018983
63.94600982707047,179.04221215045024
13.0630801908523,106.0497098485507
18.45412050707739,137.53697292380448
82.97321020031066,71.01077503408446
51.94902144291706,59.64306816279271
26.17538432577919,60.40669391130346
32.936094260740816,42.39656011504076
42.60506599327613,142.83929161211296
74.12188450133665,134.44785463037684
47.341374332485955,245.21813349331975
52.04984735994594,88.47652964825467
49.022836597971605,65.20635820707813
47.70780860965954,81.92147564509307
32.58765709393568,204.51556817818803
19.787201990845503,256.51569507297376
46.098086847996484,63.565206225672874
19.713643805343736,131.96109253060644
11.276609567505528,42.30132838893391
63.40137557285129,65.34946242614228
40.70216083353656,97.80444529454158
25.822696032012214,113.38605348446251
22.201145228916346,156.5467984771643
41.40090906235994,56.4505647124741
44.25068463928683,105.90274373084381
65.7173051681346,119.08839449519607
40.37193529104775,116.37889780774861
26.66116658285498,112.62392410865601
19.27327240281855,103.24479722024549
47.99197011138061,299.84815492948314
46.5946435353284,207.91955008560075
40.88050664635955,140.11530255396448
52.207682036346355,70.1747906109373
100.1466678298079,247.79918884789987
47.18835952046241,92.35489397898638
73.88753498674755,63.32573009471052
10.228794526992203,86.40843722684954
15.17990722796362,170.8983477177418
28.370708532104,106.45564261543734
24.340382156719485,106.60460037169149
40.39344055669633,134.33434627011025
3.221933796552916,37.269713103581736
100.00619178850457,279.24528234360264
21.46422241733174,163.97150634693918
35.71942201112314,64.27180183009737
45.47965965821513,74.57699132619688
57.32956939026093,81.56465575398266
51.6499725930786,59.057071345491785
35.768496872905274,67.15103682004656
130.63675329571478,75.80278021260291
33.78971461380868,67.57299370492534
23.682893752975716,56.78976621931954
20.281557793645987,124.01484296022849
28.129201248621428,66.23788651928572
18.27554065602215,27.79806873717389
40.50628123177526,120.06708833455977
9.223623421039925,80.98038761804409
34.62246085693352,116.01547411691413
25.886271689125564,197.6840795542206
34.76285952548207,176.78018023227497
3.039745323767516,121.63787020695173
12.873396441655474,79.18057408725933
16.491916793394104,90.84488304414322
48.68529802088268,47.789194748402416
19.462853871190323,142.48346999569205
47.991652114509606,146.38360218572973
46.63429268808923,49.85956990451694
91.41909460275001,81.38288178994924
-3.1973169901331513,92.72124601265058
44.62021231747673,258.15709541859434
25.069093735634922,197.44381469742444
18.181498515091082,106.08256457609468
43.60268877041434,235.54496893156073
3.843556857057246,236.5513375536587
8.668804020854658,141.96075560982038
29.49161581502888,151.0747816756283
-0.8374564220597627,90.26242822741435
3.353663758090166,75.67481018580233
35.20854056609653,94.7941704810397
19.60131653747901,110.98893139082213
51.39601484729002,242.861650215013
28.45380553601884,99.70844255679275
1.9417828985723986,51.845062642546274
47.64029678466869,68.81764185009918
70.76029656459497,69.27886133403742
19.07509132714748,35.83490000480215
27.532392127158232,72.38209819297323
45.08380272647493,125.99188257750558
24.89322777521696,164.23069994740305
28.532060714076117,54.31104818520692
25.830541123615454,90.35570634637975
64.90367004734054,32.61184712087024
35.73200004297638,96.94051196878209
48.79733291659254,69.0133909942023
52.262904538311545,100.40926830349295
20.68038815503603,215.36117316583213
25.12213972332664,200.23864576619636
12.150550079426152,78.03721398580383
30.281441966240422,135.13282977552453
6.205812752255785,91.19842015394322
74.86608881653714,174.5141796466891
39.852039046993795,128.220883128116
34.82192324655887,103.6445540286093
19.04790174393682,19.775177006401613
65.8481969160057,51.11818976228688
2.506289960065672,71.49144566971637
14.65447386094681,106.82000000235864
26.05161338555434,110.54329555026848
20.47199770056259,196.2112206007859
20.091319919955904,65.40741202690835
7.4285628092979605,365.7407527822147
25.22363456551535,124.51112781543739
54.59877941235662,75.35527852085147
16.567853835379587,58.24166547893775
54.855032711894694,73.19159158469532
25.71351404945926,216.86258786551505
16.376227052986263,46.44186911155812
46.00211505245663,94.89949521009115
67.90015029354083,99.77196066197497
18.953806722710063,355.4924542671193
36.92662712299517,186.90065866023673
51.41045448842955,186.65139163342903
28.484297038450254,108.0188868165197
58.97206353487495,220.02011518032205
6.897427471198037,126.81963059649362
54.69277949180098,51.280464384123604
70.66820832336074,107.83077899491366
25.243509322121508,204.70343386994654
73.62010788217087,153.46535872666098
25.883073657248353,92.15327655375074
47.550988815984084,107.51765437634187
23.227639966837074,274.1462594984008
79.71212082615504,100.85701926147402
33.772182554187744,92.20701482629941
41.905236872350294,53.81432885800241
13.315068524004369,164.06786686497256
13.035276689163966,112.5598122066012
27.118650808096522,52.37372807572013
42.062356242386095,128.93038759240605
35.62656510984824,64.63105593149811
15.347248195786474,80.62090758031616
10.550040860783641,60.62441102619354
18.17672336818876,97.81974944458824
17.101014411543463,100.06085892033245
103.6969850044843,71.04638516608443
22.236364756987086,120.76116831439407
49.575649493052765,105.86440869724876
45.22578593761128,49.34362145037462
22.231422416186007,78.84057921143366
25.240806598202294,112.96860145814398
40.31542708098303,266.69884784966047
38.126207572862654,61.74612548518817
27.387395215322414,81.52028371512365
10.50463258671661,230.40045414560325
58.75106568924146,105.47214001742455
29.648476364793765,105.11486681966824
61.99445388637102,119.2519396840878
36.17519745092301,245.97260588492315
51.175485647250056,153.2375529534225
17.053102672597692,241.30557750273508
19.555545088884198,127.74866162415253
11.255848528808029,143.98294892121973
19.83058103115931,205.52985882485615
30.343808363428558,84.4008063237747
33.16381098920647,69.83342904397969
33.34505227926792,132.47232551302855
17.239461456687714,102.64891312337431
26.61976712147365,224.78090405996835
32.32873978786148,184.94662123896708
13.647519062641932,62.96616971217687
26.528831094393446,188.1715055387784
70.95368823588369,103.27547092130486
12.566020149167048,43.1563360858217
70.05551873775327,95.35075225278135
30.671129522229606,91.2910271402585
45.78224865190714,96.26453715480103
43.4795879985588,138.11631254557227
15.457270527038867,102.34604111529447
6.277887392267917,128.43790044239742
28.014867942998478,155.39610240602792
41.37139033528321,114.94769490325892
38.759614164294064,133.31196001830568
33.10295237854132,128.93825364956103
49.06798590767512,107.95101574675721
20.564887676549738,64.0975488786459
6.245041812535319,186.4709293132527
26.766359256081188,53.630971736929304
32.76180912202249,212.62013181043085
32.97654691810127,276.5380259496471
75.78618154153126,138.14447124914287
26.98796132572971,123.00240560126534
31.17640904659135,164.84439366739988
20.37589127477586,169.29626778354105
51.53175176078351,83.62933309595495
68.18889946788799,273.86377714057204
24.07657046816926,132.2510964636135
13.449950921035036,170.80769310591117
80.30205132613538,98.92802094921909
10.5300766956653,79.12411759665585
5.4676614518395965,65.3214871414954
59.24612862451646,154.79064467446156
84.3309529191781,123.69534510008975
19.293336275651715,103.97291466964893
29.202131159474146,80.06434680640804
28.677751772174226,174.47767604114256
18.117763755230133,99.16973189498012
15.613750770795821,58.001609393055936
51.71107912632766,195.32959181665555
6.77884856628043,76.95789982458095
40.17008303315493,100.3610130943205
56.27884363812821,87.17460242219602
37.96318189680443,83.54870780691078
32.469006232093705,108.30122909910827
29.254744918721453,217.01724590774552
152.71213188052582,79.15442326738301
51.18562910828389,186.38660185017508
11.257923831206476,78.94115125107146
58.35228699409778,152.25033815452466
57.32048167801621,171.4004298498938
53.76266424602652,139.76437013229443
38.44895974674477,197.08850166273635
36.391892314818975,215.2180991583867
33.530842458889396,77.5220284783436
44.95926590115282,144.43998062858174
3.5231206839292053,102.99546938129461
-14.557189848038892,47.868127684657935
22.68018157218495,96.14156508111145
63.79059675429403,67.37942055773465
27.06672363993797,88.5432869405677
13.230240455650339,126.78617582130511
25.101658602077794,67.55778361722062
36.42551473538082,304.11792884317504
11.724498051610906,146.60898291534764
78.94006645351284,106.18869262343726
55.85809292966957,92.29341858168536
77.71403661312505,71.05370649750452
61.834902742467065,89.82902986371286
26.125417023457594,136.1589720429831
34.02928369243911,86.44616171260479
14.084593863026756,68.12540777758393
21.396009794093366,42.48131105841106
68.91295667327634,68.56062344387557
42.73401371523392,92.31394236543568
31.80300710331685,107.43869595817655
15.551445248952035,147.72551327022822
44.18624636037873,101.04287640137802
97.3334285383093,99.59776070186943
57.8138301889781,76.1561538132872
33.43189270385081,168.96970471976007
19.258162072213892,46.833165789134114
0.4619605626996517,64.7848982477787
60.266400966839456,81.63856425086674
10.324407889442716,72.3273516725632
33.077744164426896,172.40911849804297
32.247836074453794,87.29703269045635
28.518693278054688,173.89465706703243
41.97347444377874,138.54101602661768
29.83583608817775,132.8755801385412
18.73634387094868,53.1342258612603
34.95400390110019,39.60630724599986
16.82802447810244,60.783638582346825
52.9314173564199,140.55252394891806
24.979749435708264,100.10576434048528
25.282032592823086,288.8579715904933
78.68163524564012,95.0091374264653
53.280488444972875,90.64092327671315
22.6914562209988,51.69741872278282
17.581222509121407,188.50618422111137
31.348547687792212,93.13922008833441
-4.100040088991474,200.2462153856175
23.133744536798243,355.0729182421601
31.735644511683024,82.1237525844102
40.187442878370284,75.60222182823898
13.295691040166439,61.84848699699537
52.69937681007687,31.734117470645444
64.62721204346336,142.1296475879411
13.168170474674413,127.61055561941157
14.452487678791893,80.373255530871
77.85467745792327,267.00696007040136
36.03591046210761,67.98942057126636
26.023956452976584,136.78523632482293
113.3765961848707,76.90181911894007
38.37686909956432,40.09082921383679
23.154266820660183,95.9876176211047
23.497967528622137,159.24726414628353
29.573191912811158,151.8192986903441
71.28284252804538,86.56701900529745
92.79401474728635,138.01083509660944
21.42983880690594,240.78337399335643
25.511390914186237,62.598374897658786
7.258578362195216,102.18249535399957
6.138222409532264,142.99891663679588
23.145588305162853,70.25331961140198
10.330514091654345,111.23287774171988
21.40177555232613,144.16627321336597
52.006881989475076,115.81001220213794
11.61071436498137,95.87581809997295
102.54243670366874,62.92250406373108
55.64460023128204,25.010784940116043
20.24212344703357,194.9991498349072
20.048879642472514,102.11651267381986
14.683651719028486,88.34448220375239
20.753283129072692,108.44934823706879
55.222699155673226,300.10437206273053
12.212010574152584,80.37525746689522
39.38196891576828,74.6297132711174
26.568614706060877,147.44056324181662
15.318502390761376,96.44214829483317
31.382632660983273,16.83344987252366
31.07214328152178,168.4246661196514
59.67238260390239,373.75184425478847
32.37316589145689,69.32930489069318
16.204309601464146,170.53863947017388
15.66087982445259,146.62654577353743
48.49258159148587,118.44281498841076
63.745156031950884,81.54405524645091
9.494060762270992,33.53698283676691
19.29529940575832,209.48834412818738
19.42660953980338,28.934714182323923
22.319297220491595,201.29279129527836
76.41422877607133,213.9933609565948
35.58152554655314,40.149350095066126
30.14783537657155,257.371038645352
77.28534350746692,84.15565401330663
51.68083672042451,71.53900456425609
12.953699881741016,46.300370238373986
26.449917520131507,188.20166217698804
28.18212409050362,41.34786850720682
8.779428993105972,71.06593592164025
44.03907635221181,168.06130120329954
26.968119106211574,198.0163905171371
77.91274660108274,90.40667031027465
23.181021558952935,55.73776087007789
37.104901223290966,102.24610607401833
36.50887553013081,113.52426462734729
66.26277066861397,57.25805550510165
28.484941748930915,149.60896323300884
42.578131054285315,98.32814199074153
39.872897699494736,334.81406806687187
49.449102364958904,80.23838551881718
70.4621354618144,33.86162899664859
31.495209201628416,191.07271996256242
17.951609767515485,205.9994254451084
57.18001698858279,113.81272700684718
167.3272698034252,141.89868328872305
4.099178502044751,118.2217319164901
25.718336380475797,114.16918890260445
54.2976913515578,89.04902660549132
16.77150916798037,106.510951712073
57.50596905607013,124.36810774990872
39.040623143920314,80.10756350828689
78.34805431808277,126.99892031133177
4.861791769825269,96.99312162235088
19.40809766864086,117.62611723510639
37.479329495118535,87.89391836540551
5.803049686032848,100.2744234199358
31.144962162720326,48.57355739766366
17.942284378213916,184.05841415786375
29.55382688282126,107.46074259196598
8.770941530167084,94.17744562168264
32.21439552991957,84.88248018218196
42.445881229562616,69.36803618299597
53.086107279533735,168.32644820261672
13.340716756014285,100.78532164391947
22.358643633697113,109.16751970019438
31.82278578600528,70.82356503284392
63.170196438082215,63.677051744886654
25.105951693155248,65.49826271944217
32.997097962208905,47.598582102057954
33.63950306999735,95.53464121174417
41.94403320352808,177.67886976672156
84.46154211069519,133.9496811084296
18.65394429933335,126.26260272722706
26.714828276811502,146.87144713064814
135.5743455642504,125.7850968252256
80.36721559451908,208.6774059974215
66.09652976750644,96.9322568291659
27.60976810766926,63.69054483737438
12.205435979080162,109.10042085559513
65.18306410744617,80.68190231794006
44.300974988457256,208.19488064165793
26.172398380571217,113.68408521495596
21.919793321491735,112.47394147993754
12.476112464784011,76.66959277993342
35.319863753644825,259.97166463417784
26.15344074465054,331.2106302942319
18.451722085265114,59.42912331691539
57.2805359432426,72.4735567521739
22.12004002033489,108.50379851412265
13.611041749982547,217.81703939385977
55.30235110919067,195.8311902684715
15.874792359274053,60.57418061240358
95.45054530803684,32.61300262015462
78.03868762962976,197.43884611763664
8.1214356070934,68.04946784287569
27.605891347235424,174.2576978645499
16.610455845582226,100.96153432697966
18.946133672810088,110.63955584662025
23.402723545287152,50.84086689935384
30.93472002962783,123.80499886150488
35.06708361002416,75.44213506039475
45.25221342864596,59.742067045610824
1.0865764604217354,123.74268547506477
24.465808522547267,145.01686917228582
22.676678294593806,374.34521449543877
62.06021225228851,77.83219987684129
21.077333137967393,47.3924739984495
24.896970269496247,66.30599423115024
26.422945161885593,165.3051170666315
34.89402051345624,193.14898776284141
52.103409045761026,296.7310939519741
17.836683363208486,95.78391650441932
10.613385849889193,112.50235455968391
25.591576386270923,67.17104872001092
21.877380062937533,39.52406698814774
12.669525439017407,83.89846224286799
22.89556276090048,73.18469280779343
35.4919782649442,192.49578053820403
40.409026178730926,85.86244164844979
40.639179126828445,126.73109713477575
20.904863585435002,158.12912496267066
24.99737128249417,102.324355897386
32.17465557519728,85.66046219895252
55.25465029614065,89.28757390274801
32.56150919996068,151.08425598226074
18.686758489272666,120.69903519289377
8.357550589691693,76.46085407764421
5.241262610631716,114.43596770047326
25.86518295542023,235.4506065594895
37.619981059399905,93.68457392698619
21.69572090192202,48.48374421410867
57.797881164213365,149.40246726018665
48.135426764895584,73.68028686486869
9.88195093881892,156.64721513464767
35.35856959617506,76.99177772590261
28.88247378376861,290.58280537317273
37.32201919964507,173.09465733647897
26.89564561297614,124.99706263130443
25.57894106151042,75.81168824521399
11.670224383603257,175.76830912186963
38.41786644336958,49.072919701636394
13.446114361014281,83.95525887692361
28.901217924223022,96.70149370870436
22.461837450434054,54.8839584961571
65.93302285508118,83.3663533665336
21.700962285672652,36.06869396782474
20.78457853345865,156.16804932184266
40.827840082217364,135.3072891722219
33.55492284098767,84.87240421158504
23.309291650957675,47.927721626780844
30.01194418397067,33.77471230058424
44.547442310886254,117.01358374601531
28.722863157550623,123.31886221886683
38.861178610763375,81.09195526626196
13.019271403936733,100.15769716019793
51.35067574419399,66.51084990156198
41.30918013447891,207.30663268814203
44.823540086989325,80.17503099929955
16.409436941372455,121.63778672074807
37.129683232386554,71.61031306336447
-2.531386874009943,92.94977745538634
49.67025817456732,72.22937137327462
35.53174141521048,82.92924756786579
21.27125660472788,82.51382302022427
110.07162145010724,58.42469719172856
21.740076330665225,151.78728303660577
36.13990966973477,43.32812286911447
45.22931380187562,30.562344010122636
56.73739156740773,139.00755061250237
53.77771614714122,107.75825513476303
42.31817642519943,75.22894971800898
24.049752239766327,89.67985629020079
48.91338137099861,130.58982495107824
60.12249476084516,210.0051906826555
23.1141153038892,131.26370020494187
119.58364137911171,103.31135996795138
23.53560839304572,84.69155040794121
21.13554717459481,78.99705804332494
17.607988419578692,71.09389475856295
66.4306400747882,54.52788390629847
22.579980131755654,72.40712658811677
20.191382642430895,327.7517742936523
167.3029879250891,92.15276940293981
63.137640445946516,347.02450704331426
26.095780335158572,108.42098631914008
93.63844925594543,173.7542248782541
2.45965891886131,184.1800364737503
36.192993625511015,94.50611622654382
118.53437105331525,90.48459354894419
40.99935577064573,36.4465962190789
12.705510020851893,121.39577389922911
12.539419240603587,122.08613864848795
9.698307519605843,114.88201289733524
7.075700050620108,144.71132510759364
18.70037257155113,45.51667067226609
29.930337790680486,165.7500976299271
34.56314446393539,100.66350259337582
22.55414237773813,108.41950634323658
23.810376256397603,156.84886788755176
31.34706493660547,91.78404961079107
39.7470988327117,48.67934980277788
24.47923281257772,65.7435992245479
14.536619582381507,104.29958206371109
32.072708601050465,110.47146285193469
44.36285753422831,104.7310416828036
18.86624679090589,-5.128577859630042
69.46941228784618,50.20193548492937
2.0417442214120634,103.39648536765598
39.595520888833605,105.31295208401454
21.67202772147646,78.06508672845897
16.72509653427379,46.48809815627606
42.13628180106866,95.06070096590588
59.31128807124597,61.200720667230435
126.69581536262857,181.57677020600698
35.28138749309749,149.39170742321068
20.87227736744469,55.12253462538311
54.17776816442701,45.57208413290098
46.423105560956316,75.66695202949684
50.303621952797414,160.4784390243108
50.34105599754973,88.93104884372559
30.800886040645086,46.13432779729217
66.52532526429707,63.47803514799204
16.26227844889285,71.47417537347116
63.399708939874714,92.18052169761324
24.02937117387861,36.28862659265219
59.80542145792131,45.39456011858764
15.098694294836125,191.2841525996907
10.067722366506343,31.23624975444869
43.69797841800687,141.5082949406717
82.76377555309456,80.77857376836641
85.60587223004025,133.03743666154824
31.124703753175496,60.80450282102068
44.085080828307724,76.75481664411079
31.054200644443416,93.48509346427154
34.11865026903543,80.45534490811693
2.306186763672436,210.9554290516199
62.869275466923995,85.06116113561848
39.22615019353886,79.13075046745007
22.33857545349023,59.11837324395856
33.401354329869996,116.88849420795631
31.608230603148872,176.72162975735782
64.93780031640077,74.5335790894437
35.833541035307874,435.89561563705996
77.53797907263584,130.8041448245649
25.068282794274655,93.59054892041915
19.060602369988324,208.23670765568278
9.688413681800444,79.57041887860025
56.46923423057932,154.39310366612668
122.44336507707855,87.05582967484554
33.422853779974176,76.30579035796406
10.574339548011626,101.55285141286795
56.991841635389534,125.65446227588279
73.01563931889355,113.38575189163322
32.54198146448887,135.45532294082068
38.878017553249975,116.43884811850262
18.097455712502253,89.50639597553834
40.90651193528174,122.71949804865258
44.46588772208466,53.57469065953966
7.754076786565869,202.01943870668723
16.4200109520948,141.06933019487454
28.244726599245865,13.381565714747076
14.218543352879038,56.59635610425629
38.82622792182593,170.20330670913577
12.50544639403052,35.909928054952914
32.950433036165705,93.36544778644523
16.965722398913712,241.60546890470098
21.700561486206592,155.5226042808992
70.81006729422934,46.773779248479705
39.09689195853393,256.05591445237525
12.109298107680889,175.5406836556243
28.16949491113768,156.72382399156442
95.7950581638844,378.49568311176705
29.603192156621343,119.05854143212943
44.46065653373692,77.15504068676762
17.437751446907093,263.0640988188911
51.61854579474523,123.38095836513688
47.64463698281631,95.6763654908232
28.20135997486211,153.47002165779637
10.607491127798838,133.90261773233078
26.92645896539389,143.06726053817687
20.320934271120045,139.96987464219717
30.937369546575773,21.903834233408503
65.52959889907666,164.87325537718246
19.304389265922126,77.98906983692508
39.12589641671414,59.32106269678295
29.180504401482285,87.48169358179555
24.02163269870867,91.39245166840705
55.29777921824356,150.9929400892937
27.568848236745332,173.88805087043914
24.035011147364663,115.01569503427575
-0.8801562042282196,36.721736926233035
1.0508981098406611,130.49312498873354
26.533468905558024,139.96781619762268
23.272426847027944,131.9601751527705
38.28073783462296,74.49924884835802
19.549831031023054,65.46597509031038
77.39224607282986,46.95597002292237
26.56953811721252,67.96651166562458
28.49021733721542,94.83829666172876
37.82001835472407,164.45206984656346
78.6759358072212,68.2362968709225
21.148070825476598,192.14496919477284
36.876615448388236,172.40036979303758
57.360098854985154,45.64776207723498
3.3418767367154167,112.89252134556344
47.88328669261307,153.09792570749204
40.066518455623,130.5120448272056
34.1541369345791,81.88462683200686
17.240032228252186,281.6602050369619
41.42533300484237,35.8256731831507
11.405385943328769,54.81546212875713
28.724151319409735,72.86671058691044
9.68911853034574,193.06319454988102
46.98503336420879,52.56511471191676
76.34147229901109,105.37625404403107
42.18786066785973,90.93423862020487
24.26817934808912,85.20863337709002
29.9147892888876,123.89662971598901
48.67369516116793,93.54760155996294
39.58336991382832,187.56036131058136
56.69569563094909,113.78146374327605
50.91655042970527,125.32368689245254
13.694278339288529,128.10536767196822
8.719495665217856,204.9156240939637
22.976868940656942,118.1994863464194
3.7793944396416883,71.87737685534101
18.390770220809017,75.96756371399542
11.737876793353715,174.71390284271885
92.27435833780379,52.29543788988289
27.283635453669845,78.43794983116774
32.769782150939925,180.459230453394
6.078253559768577,403.749195251896
26.793871506048404,66.30509138449577
16.93639789412258,110.36950659696265
45.77065714967378,112.38873931869992
29.804961541136795,74.70529373034852
55.57846340475649,231.97011894157313
19.16575991728893,57.02230239843519
26.557458777092396,97.97210827951018
37.17232279330861,178.85805559526196
1.6284146574636118,192.33463009218403
54.06788138227704,201.52521474249608
71.06078715784649,106.64327777536016
77.2067684847652,316.6948292372511
17.610377742330577,64.93263467989591
34.72115019394431,117.68878955809646
54.85221189106775,145.82309195587226
59.18765970966302,61.76451278016819
26.304505293564716,91.6101085846912
58.224153668983874,68.31399851332992
35.810990682217806,75.01157927159751
17.135173808631023,118.0452866372093
14.47079237846276,167.4780682887291
7.319386989798452,114.94274332836136
46.16196029452219,138.30171430085494
48.803257628202545,214.96657178858803
87.61567758137205,234.9768931111908
21.501822759955715,108.24654026571847
44.78847582352539,89.901098699993
14.481387545232971,92.98994452917871
60.9252737918311,142.14959872324465
32.310886725967116,127.53007948185558
33.79229757086803,53.373181283574894
27.28020838417587,37.139050268210795
136.91555880264616,197.51901698770047
54.309444905122575,104.82886380026412
68.64641486552249,74.62458018440073
62.920500471161915,113.20506086467945
14.44407872302737,200.59092255217536
15.352764904668552,101.1591037522766
36.550362972667386,376.7565421947104
65.94627987015127,128.7982931964925
39.938531808192565,76.61382784260697
61.38354416203492,146.4428371124983
81.61476593686935,74.07339928808916
16.35981483942734,43.52406190259048
20.675664666353388,22.704257659996898
29.32085295940052,232.55656023107167
10.973141765781822,172.2423315224785
66.306879616499,135.46307859894517
21.4762848278214,116.11398514609884
40.988078191124515,162.8462495927236
69.48307274988817,88.16251992680606
20.922319669151875,111.03398869317037
21.71825527969628,96.29200847087112
39.28562413060202,115.9312996197128
21.635614851920124,92.55292431260104
19.763847899280428,212.86846037803366
11.892606832788077,322.3000344649069
23.69285423020979,128.8586596532443
68.07779617281037,33.38374150122674
24.502870626331998,186.17101928549388
56.4953445467647,200.45208028008454
25.838044611620266,86.46246807215175
38.54860794734437,219.04392775165653
34.799970591461445,70.37575945142657
94.0665972115574,108.42466344794633
100.34094409745047,114.36763689075411
50.406078018761164,78.06039870433258
35.47772785892637,46.32654457622213
29.57275481940204,283.97613445880097
31.960052510579143,85.73116408962596
14.684723875307082,217.90222033854104
29.289104074304365,64.22218950115767
98.62992204262083,215.6957899037525
23.50657924548016,120.42609121167251
15.531269442195539,90.74837891080124
15.765105582373101,114.34693163909333
65.36650355559141,91.67339036725699
44.6550744264415,110.8278794981139
36.72011176726451,150.15530587178608
11.380713443824849,40.380059230525966
23.133791863508996,124.72333532926137
34.867295332776635,65.2989895825445
49.84905177431126,141.31699685250405
20.739211552243862,152.86081844218887
86.1486463214726,176.74937106565713
-0.5003678319968259,80.61079873319837
13.630292201329144,160.7924841182093
18.786775430316556,105.59452382307512
32.543283146320086,138.64225960499414
19.213762453391045,77.05021197240889
12.859499180438272,41.37959550479307
3.3692306971774606,346.6951674520348
92.62225873002996,41.44658139992947
11.688870288710294,94.23740318775477
62.79855326449183,73.10697849707083
25.028122023965878,106.00586784781387
6.764914936665612,71.24714676528026
11.94745934113936,151.37418696494188
21.791664886104147,99.22985756149023
9.197578622459325,84.64940943802353
74.1729376542875,227.4300813609491
9.657073425499846,108.14689229367806
27.84539188504001,144.80466225798736
61.895707062225284,57.32407029624193
32.46605550004553,79.2148242245069
57.23430872790588,237.0781485980087
14.90120035950201,125.53500961327106
26.770052111855964,129.1250660518691
-0.0026123128667236983,337.2016901214014
46.22573489020537,111.12865753451521
36.62825307541387,87.61164161437807
18.948060658412984,106.8242836842709
18.54239967644223,125.31970696801332
19.979780733130575,333.35131726504517
75.51497851910663,54.259460344820056
82.60736303145862,196.26282598269063
35.27426373473263,229.3539446702161
49.38614808375087,210.8353083182268
45.408398675212126,45.37674987932073
46.980467846084764,63.194269443036895
34.07283080790592,61.520830042054264
28.8743378465725,73.69700569938422
41.32608753326933,91.87479107911807
10.787719101163766,154.60116946547785
46.68681068787387,79.19422158691413
22.196286603901548,193.71927072741508
15.305305062071653,102.34963904857047
13.60428213209605,185.40152537646193
27.849967952548628,67.28578613931444
33.206723152103166,55.38772573158176
68.81332014007339,120.080358536691
75.32242467372598,44.63186448313917
31.16134188877052,62.30663957820953
31.778607347251185,54.84477554355976
13.932920498850157,65.39599940988974
18.87326128682028,198.91207043249582
37.09936198105612,130.35105175347402
72.57751386523873,80.08762292855636
74.1241244542533,82.62976329737819
38.966041509409365,89.04028571371418
15.380814016957615,94.64815313930738
7.1421738263685155,779.5402618840678
55.411079196294224,87.75491111718371
24.811564570990786,22.421110443544144
30.518842373425233,45.55082033579175
40.69156077281396,86.9169120315039
46.01631018963383,72.62582683454985
31.936337179413684,59.42527576411751
9.562661658702764,80.44226371710462
44.638610698733174,170.05678789837702
52.94419772229324,149.46118305888135
18.79867992582371,95.69797391123485
22.3100662605462,190.66563950953505
49.24256656749695,64.13029719092427
45.493241157548596,123.77612797016874
30.894478996943203,127.69490432801649
9.885725586163485,123.73481252085713
14.370035305094515,183.57476049429283
95.35026539303827,76.15485249122794
11.37301927250554,97.67697854993418
28.358233900206905,105.13154367782533
29.926971070093792,69.15583302147655
20.758700927634003,213.7349964937435
113.48444346740929,109.4804553738249
12.293092608764493,119.05895013062349
19.449092386793712,73.5329823760474
40.77314447715126,100.33070752014497
23.79129173139605,461.9967915698806
50.63856816342708,54.25016597023904
73.1073868537524,156.05453546632683
21.855715268060656,55.29394007451227
40.33535076833617,163.5867142559583
53.929400699510765,145.60280433410645
22.025542113411763,136.09899914048165
68.31791185068829,94.82549351428392
61.48121766763238,123.83922380522009
13.060721664811265,45.923546369502745
41.3118518124026,112.84774201085787
25.179893604297447,75.40441786329302
26.005717137809434,380.8798601576234
117.50333546063275,151.05302442198112
55.57506291193006,109.80779970739252
30.291283782219242,307.99587971678517
10.224529423280687,116.36863779994724
55.73188561936223,130.43120121531484
7.1305419909501895,101.81533996202626
57.44820835889807,100.22470056373405
55.93378238148884,77.40606487482565
44.69100955790228,185.18325186672956
14.37573534914235,235.13178991279204
3.7911803463376934,135.05073667890719
72.01138962300475,107.9300049446876
1.4557688686584935,85.13594046835989
20.216162744178995,108.14550317787456
19.78426579716516,149.1202399583589
15.613380296328149,141.49151634099982
37.36534462967865,136.5504544561311
16.411056180385657,190.7925619589868
31.34339795732204,217.69829971193312
22.297970119802066,48.57492064170356
3.314835578328582,196.78495003761756
43.46224629949778,137.15080942250702
58.113176055215234,171.8978264219091
8.46364375135297,139.00554928792357
1.419604506069371,189.0181647834155
48.441792148178635,111.74656577658679
19.175144183109904,97.55612738668573
22.50405046692577,106.47911950188927
54.521536419664,220.40712667178406
53.117376684899284,125.33010134957186
40.29529625626545,58.06656586385779
50.53895681820994,106.0996159355023
37.1283864622908,112.29653031478762
53.62283982886453,47.921777186166906
66.83811001607032,64.1428603990954
38.185839641262206,167.63731006891004
74.27112455960952,121.0078112825037
66.09731840585852,161.76113404764655
49.91977532275685,27.58341549288491
52.300993072869716,234.84499442972916
42.06024675234238,94.20631378461607
28.713819776184547,142.28092204618918
37.831135463575876,106.27514975737306
24.378787497277976,50.80624652267177
33.556621355122175,134.85302575485227
31.53108733978129,91.81051091421963
23.661718297383068,102.81494067479143
25.383492240145934,80.12497975006359
64.9192914410228,36.94279462818285
63.13286047008627,195.62286461335938
32.02204658753361,329.8571211346605
81.71372408021182,72.16972624353292
68.4738871242133,43.40891275649156
46.316396973914124,110.8012964251846
55.14186909483949,213.77478781768406
47.10150462406793,213.9540774053345
7.00676548610816,102.69143481254844
41.577010141131126,146.41603483413252
50.256691613893935,76.23610928829905
21.160663150392978,64.76740602933569
18.556560617170533,216.4115616042448
20.152901061692624,198.59167912254478
60.30588821607738,189.7856376933727
7.703841790661709,119.3266712064563
3.4428581354903045,123.00255180160028
26.030103548157165,122.6390422788385
16.473813918412326,328.7083772085224
36.78768707875014,99.10177433311918
68.70039918961074,52.15621536216967
88.47602631365078,394.24365735313836
45.162845323865625,73.58872701467094
18.92713817626307,360.09732542816175
32.02461764458978,60.6279139492313
18.8611326674459,98.11748111870747
17.285809467044505,99.54769259824192
21.017516303643305,108.44438820971183
75.89778855367686,291.4251696053744
31.720546449729145,91.32597967567844
58.63856032568401,74.52649532192224
91.06562699784736,84.57017420988579
21.73999241736751,198.1647256327296
109.4048372214191,28.032255478367418
18.6248526420779,92.66230795224975
85.41234676124589,103.98983694165182
51.76326704799541,8.821902433138057
18.90693510477965,124.61405527350956
67.90213782975248,60.20364940556188
48.351071040149805,339.37070127785694
15.91311613930277,144.00704013953714
49.95363378642499,188.7946309357253
38.81606676068712,298.4826176908324
5.742498524578058,202.85176780660663
4.172385453258501,106.83517803275191
13.203149045892701,77.41725580798577
14.693809779774654,74.37883192580549
28.89882945815446,286.7505415983833
66.2317893576287,131.7919205902693
19.614024449021294,146.1101528789098
13.3856878772068,111.30111447852498
31.085034456603417,89.9092975277704
17.44220377833751,96.81634259542395
28.469602307067653,95.36229631155109
45.04015052716663,202.39899622747782
17.103248255253323,185.22590317562373
85.81352068444248,36.30119425885274
23.61408075937073,282.8323005278602
46.57176640233894,127.29080191274295
5.7795627178773605,194.02645493704003
29.810752246209162,167.35114851926392
49.411325112292104,194.79090364396623
22.756231543327694,130.28485116283878
57.705154951391805,166.11675906536206
19.65505009798119,51.953118200666054
38.42603150182859,108.11518194514537
25.383497454631787,116.69187956482247
0.1766263288478349,119.62412617412497
28.611605639231765,86.66788215431687
17.753431324087636,104.56627758175641
60.098365757615184,223.62815932668875
40.867388023396835,50.02101213472669
67.19274513261834,23.44018279623522
60.9709213355201,248.66558614392522
